{"count":1,"self":2988.1921536,"total":7692.1781194999994,"children":{"InitializeActuators":{"count":1,"self":0.0020196999999999997,"total":0.0020196999999999997,"children":null},"InitializeSensors":{"count":1,"self":0.0010065,"total":0.0010065,"children":null},"AgentSendState":{"count":2135568,"self":18.0461104,"total":178.7539764,"children":{"CollectObservations":{"count":427114,"self":143.0457856,"total":143.04578519999998,"children":null},"WriteActionMask":{"count":427114,"self":1.3549212,"total":1.3549212,"children":null},"RequestDecision":{"count":427114,"self":4.4031528,"total":16.307159,"children":{"AgentInfo.ToProto":{"count":427114,"self":4.2616391999999994,"total":11.9040062,"children":{"GenerateSensorData":{"count":427114,"self":7.6423663999999993,"total":7.6423668,"children":null}}}}}}},"DecideAction":{"count":2135568,"self":4478.3370239999995,"total":4478.3369071,"children":null},"AgentAct":{"count":2135568,"self":46.6749824,"total":46.891516499999994,"children":{"AgentInfo.ToProto":{"count":7731,"self":0.0892454,"total":0.2165338,"children":{"GenerateSensorData":{"count":7731,"self":0.1272884,"total":0.1272884,"children":null}}}}}},"gauges":{"CarAgent.CumulativeReward":{"count":7731,"max":13.922924,"min":-1.93110013,"runningAverage":-0.08374325,"value":-1,"weightedAverage":-0.08020247}},"metadata":{"timer_format_version":"0.1.0","start_time_seconds":"1747422733","unity_version":"6000.0.40f1","command_line_arguments":"C:\\Program Files\\Unity\\Hub\\Editor\\6000.0.40f1\\Editor\\Unity.exe -projectpath E:\\PAS\\PASCars -useHub -hubIPC -cloudEnvironment production","communication_protocol_version":"1.5.0","com.unity.ml-agents_version":"3.0.0","scene_name":"Demo","end_time_seconds":"1747430425"}}